{"stats":{"minecraft:used":{"minecraft:crafting_table":1,"minecraft:wooden_pickaxe":26},"minecraft:picked_up":{"minecraft:birch_log":7,"minecraft:dirt":7,"minecraft:cobblestone":24},"minecraft:custom":{"minecraft:time_since_rest":4033,"minecraft:crouch_one_cm":54,"minecraft:play_time":4033,"minecraft:sprint_one_cm":4721,"minecraft:damage_taken":20,"minecraft:walk_one_cm":11476,"minecraft:sneak_time":24,"minecraft:jump":41,"minecraft:damage_dealt":20,"minecraft:time_since_death":4033,"minecraft:total_world_time":4033,"minecraft:interact_with_crafting_table":1,"minecraft:fall_one_cm":1685,"minecraft:fly_one_cm":5091},"minecraft:mined":{"minecraft:grass_block":3,"minecraft:dirt":4,"minecraft:birch_log":7,"minecraft:stone":23,"minecraft:birch_leaves":2},"minecraft:crafted":{"minecraft:birch_planks":28,"minecraft:crafting_table":1,"minecraft:stick":8,"minecraft:wooden_pickaxe":1,"minecraft:wooden_axe":1}},"DataVersion":3953}