{"stats":{"minecraft:used":{"minecraft:wooden_axe":3,"minecraft:stone_pickaxe":73,"minecraft:spruce_planks":1,"minecraft:chest":1,"minecraft:wooden_pickaxe":58,"minecraft:torch":3,"minecraft:crafting_table":1,"minecraft:furnace":2,"minecraft:spruce_log":1},"minecraft:picked_up":{"minecraft:birch_log":7,"minecraft:torch":2,"minecraft:gravel":5,"minecraft:spruce_log":2,"minecraft:dirt":7,"minecraft:spruce_planks":1,"minecraft:coal":30,"minecraft:cobblestone":93,"minecraft:furnace":1},"minecraft:dropped":{"minecraft:coal":10},"minecraft:custom":{"minecraft:time_since_rest":11315,"minecraft:interact_with_furnace":2,"minecraft:sprint_one_cm":4721,"minecraft:damage_taken":20,"minecraft:walk_one_cm":33521,"minecraft:drop":10,"minecraft:damage_dealt":30,"minecraft:interact_with_crafting_table":7,"minecraft:fly_one_cm":5117,"minecraft:open_chest":3,"minecraft:crouch_one_cm":54,"minecraft:play_time":11315,"minecraft:sneak_time":24,"minecraft:jump":107,"minecraft:leave_game":1,"minecraft:time_since_death":11315,"minecraft:total_world_time":11315,"minecraft:fall_one_cm":2312},"minecraft:mined":{"minecraft:spruce_planks":1,"minecraft:birch_log":7,"minecraft:spruce_log":2,"minecraft:birch_leaves":2,"minecraft:grass_block":3,"minecraft:coal_ore":30,"minecraft:gravel":5,"minecraft:dirt":4,"minecraft:stone":93,"minecraft:wall_torch":2},"minecraft:crafted":{"minecraft:crafting_table":1,"minecraft:spruce_planks":4,"minecraft:stick":20,"minecraft:wooden_pickaxe":1,"minecraft:stone_pickaxe":2,"minecraft:wooden_axe":1,"minecraft:stone_sword":1,"minecraft:chest":1,"minecraft:furnace":1,"minecraft:torch":36,"minecraft:birch_planks":28,"minecraft:stone_axe":1},"minecraft:broken":{"minecraft:wooden_pickaxe":1}},"DataVersion":3953}