{"stats":{"minecraft:used":{"minecraft:stone_sword":19,"minecraft:stone_pickaxe":21,"minecraft:chicken":2,"minecraft:wooden_pickaxe":8,"minecraft:stone_axe":76,"minecraft:wooden_sword":35,"minecraft:dirt":3,"minecraft:mutton":6,"minecraft:crafting_table":1,"minecraft:furnace":1,"minecraft:birch_log":1,"minecraft:spruce_log":1},"minecraft:picked_up":{"minecraft:birch_log":1,"minecraft:stick":12,"minecraft:feather":3,"minecraft:chicken":2,"minecraft:porkchop":7,"minecraft:oak_log":82,"minecraft:spruce_log":1,"minecraft:string":1,"minecraft:dirt":3,"minecraft:gray_wool":1,"minecraft:light_gray_wool":1,"minecraft:oak_sapling":9,"minecraft:mutton":10,"minecraft:coal":10,"minecraft:white_wool":4,"minecraft:cobblestone":28,"minecraft:furnace":1},"minecraft:dropped":{"minecraft:furnace":1},"minecraft:killed":{"minecraft:sheep":6,"minecraft:zombie":3,"minecraft:pig":4,"minecraft:chicken":2,"minecraft:spider":2},"minecraft:custom":{"minecraft:time_since_rest":9826,"minecraft:interact_with_furnace":2,"minecraft:sprint_one_cm":59582,"minecraft:damage_taken":335,"minecraft:walk_one_cm":41633,"minecraft:mob_kills":17,"minecraft:drop":1,"minecraft:damage_dealt":2042,"minecraft:interact_with_crafting_table":6,"minecraft:swim_one_cm":1867,"minecraft:fly_one_cm":82735,"minecraft:crouch_one_cm":88,"minecraft:play_time":18372,"minecraft:deaths":1,"minecraft:sneak_time":84,"minecraft:walk_under_water_one_cm":3768,"minecraft:jump":424,"minecraft:leave_game":2,"minecraft:time_since_death":9795,"minecraft:walk_on_water_one_cm":86,"minecraft:total_world_time":18372,"minecraft:fall_one_cm":16081},"minecraft:mined":{"minecraft:furnace":1,"minecraft:birch_log":1,"minecraft:spruce_log":1,"minecraft:birch_leaves":1,"minecraft:short_grass":5,"minecraft:grass_block":3,"minecraft:oak_log":82,"minecraft:stone":28,"minecraft:oak_leaves":4},"minecraft:crafted":{"minecraft:wooden_sword":2,"minecraft:oak_planks":64,"minecraft:crafting_table":1,"minecraft:stick":12,"minecraft:wooden_pickaxe":1,"minecraft:stone_pickaxe":1,"minecraft:stone_sword":1,"minecraft:furnace":1,"minecraft:stone_axe":1}},"DataVersion":3953}