{"stats":{"minecraft:used":{"minecraft:chicken":2,"minecraft:wooden_pickaxe":2,"minecraft:wooden_sword":35,"minecraft:dirt":3,"minecraft:mutton":5,"minecraft:crafting_table":1,"minecraft:birch_log":1},"minecraft:picked_up":{"minecraft:birch_log":1,"minecraft:feather":3,"minecraft:chicken":2,"minecraft:oak_log":10,"minecraft:string":1,"minecraft:dirt":3,"minecraft:gray_wool":1,"minecraft:light_gray_wool":1,"minecraft:mutton":5,"minecraft:white_wool":1,"minecraft:cobblestone":1},"minecraft:killed":{"minecraft:sheep":3,"minecraft:zombie":3,"minecraft:chicken":2,"minecraft:spider":2},"minecraft:custom":{"minecraft:time_since_rest":2031,"minecraft:sprint_one_cm":36372,"minecraft:damage_taken":325,"minecraft:walk_one_cm":15915,"minecraft:mob_kills":10,"minecraft:damage_dealt":1402,"minecraft:interact_with_crafting_table":3,"minecraft:swim_one_cm":1867,"minecraft:fly_one_cm":61220,"minecraft:play_time":10577,"minecraft:deaths":1,"minecraft:walk_under_water_one_cm":3768,"minecraft:jump":286,"minecraft:leave_game":1,"minecraft:time_since_death":2000,"minecraft:walk_on_water_one_cm":86,"minecraft:total_world_time":10577,"minecraft:fall_one_cm":13202},"minecraft:mined":{"minecraft:birch_log":1,"minecraft:birch_leaves":1,"minecraft:short_grass":2,"minecraft:grass_block":3,"minecraft:oak_log":10,"minecraft:stone":2,"minecraft:oak_leaves":2},"minecraft:crafted":{"minecraft:wooden_sword":2,"minecraft:oak_planks":40,"minecraft:crafting_table":1,"minecraft:stick":8,"minecraft:wooden_pickaxe":1}},"DataVersion":3953}